id,name,lat,lng
2,Buckingham Fountain,41.87649,-87.62051
3,Shedd Aquarium,41.86723,-87.61536
4,Burnham Harbor,41.85627,-87.61334
5,State St & Harrison St,41.87403,-87.6277
6,Dusable Harbor,41.88697,-87.61281
7,Field Blvd & South Water St,41.88627,-87.61751
9,Leavitt St & Archer Ave,41.82878,-87.68061
11,Jeffery Blvd & 71st St,41.76662,-87.57646
12,South Shore Dr & 71st St,41.76641,-87.5657
13,Wilton Ave & Diversey Pkwy,41.93242,-87.65271
14,Morgan St & 18th St,41.85808,-87.65109
15,Racine Ave & 18th St,41.85819,-87.65648
16,Paulina Ave & North Ave,41.91035,-87.67008
17,Honore St & Division St,41.90313,-87.67391
18,Wacker Dr & Washington St,41.88317,-87.63735
19,Throop St & Taylor St,41.86892,-87.65913
20,Sheffield Ave & Kingsbury St,41.91055,-87.65313
21,Aberdeen St & Jackson Blvd,41.87773,-87.6548
22,May St & Taylor St,41.86947,-87.65548
23,Orleans St & Elm St,41.90292,-87.63772
24,Fairbanks Ct & Grand Ave,41.8919,-87.62063
25,Michigan Ave & Pearson St,41.89751,-87.62354
26,McClurg Ct & Illinois St,41.89057,-87.61798
27,Larrabee St & North Ave,41.91019,-87.6435
28,Larrabee St & Menomonee St,41.91469,-87.64333
29,Noble St & Milwaukee Ave,41.90069,-87.66259
30,Ashland Ave & Augusta Blvd,41.89964,-87.66789
31,Franklin St & Chicago Ave,41.89677,-87.63572
32,Racine Ave & Congress Pkwy,41.87464,-87.65703
33,State St & Van Buren St,41.87715,-87.62786
34,Cannon Dr & Fullerton Ave,41.92675,-87.63444
35,Streeter Dr & Grand Ave,41.89227,-87.61206
36,Franklin St & Jackson Blvd,41.87776,-87.63525
37,Dearborn St & Adams St,41.87921,-87.62975
38,Clark St & Lake St,41.88599,-87.63089
39,Wabash Ave & Adams St,41.87948,-87.62571
40,LaSalle St & Adams St,41.87944,-87.63197
41,Federal St & Polk St,41.87209,-87.62957
42,Wabash Ave & Cermak Rd,41.85261,-87.62653
43,Michigan Ave & Washington St,41.88396,-87.62455
44,State St & Randolph St,41.88468,-87.62782
45,Michigan Ave & Ida B Wells Dr,41.87623,-87.62444
46,Wells St & Walton St,41.89994,-87.63444
47,State St & Kinzie St,41.88921,-87.62775
48,Larrabee St & Kingsbury St,41.89772,-87.64302
49,Dearborn St & Monroe St,41.88116,-87.62963
50,Clark St & Ida B Wells Dr,41.87592,-87.6307
51,Clark St & Randolph St,41.88462,-87.63176
52,Michigan Ave & Lake St,41.886,-87.62421
53,Wells St & Huron St,41.89476,-87.63439
54,Ogden Ave & Chicago Ave,41.89637,-87.65407
55,Halsted St & Roosevelt Rd,41.86735,-87.64863
56,Desplaines St & Kinzie St,41.88866,-87.64442
57,Clinton St & Roosevelt Rd,41.86712,-87.64107
58,Marshfield Ave & Cortland St,41.91602,-87.66894
59,Wabash Ave & Roosevelt Rd,41.86721,-87.62597
60,Dayton St & North Ave,41.91059,-87.64942
61,Wood St & Milwaukee Ave,41.90764,-87.67254
62,McCormick Place,41.85141,-87.61884
66,Clinton St & Lake St,41.88557,-87.64186
67,Sheffield Ave & Fullerton Ave,41.9256,-87.65371
68,Clinton St & Tilden St,41.87587,-87.64077
69,Damen Ave & Pierce Ave,41.90939,-87.6777
71,Morgan St & Lake St,41.8855,-87.65233
72,Wabash Ave & 16th St,41.86039,-87.62581
73,Jefferson St & Monroe St,41.8804,-87.64273
74,Kingsbury St & Erie St,41.89384,-87.64173
75,Canal St & Jackson Blvd,41.87724,-87.63937
76,Lake Shore Dr & Monroe St,41.88098,-87.61675
77,Clinton St & Madison St,41.88214,-87.64108
80,Aberdeen St & Monroe St,41.88042,-87.65556
81,Daley Center Plaza,41.88417,-87.6296
84,Milwaukee Ave & Grand Ave,41.89161,-87.64833
85,Michigan Ave & Oak St,41.90098,-87.62375
86,Eckhart Park,41.89639,-87.661
87,Racine Ave & Fullerton Ave,41.92559,-87.65843
88,Racine Ave & Randolph St,41.88407,-87.65691
89,Financial Pl & Ida B Wells Dr,41.87501,-87.6331
90,Millennium Park,41.88107,-87.62409
91,Clinton St & Washington Blvd,41.88336,-87.64122
92,Carpenter St & Huron St,41.89455,-87.65346
93,Sheffield Ave & Willow St,41.91371,-87.65285
94,Clark St & Armitage Ave,41.91831,-87.6363
95,Stony Island Ave & 64th St,41.77887,-87.58666
96,Desplaines St & Randolph St,41.8846,-87.64455
97,Field Museum,41.86531,-87.6179
98,LaSalle St & Washington St,41.88266,-87.63251
99,Lake Shore Dr & Ohio St,41.89255,-87.61449
100,Orleans St & Merchandise Mart Plaza,41.88814,-87.63657
101,63rd St Beach,41.78105,-87.57611
102,Stony Island Ave & 67th St,41.77345,-87.58533
103,Clinton St & Polk St,41.87146,-87.64094
106,State St & Pearson St,41.89746,-87.62874
107,Desplaines St & Jackson Blvd,41.87822,-87.644
108,Halsted St & Polk St,41.87183,-87.64664
109,900 W Harrison St,41.87475,-87.64981
110,Dearborn St & Erie St,41.89406,-87.6293
111,Sedgwick St & Huron St,41.89466,-87.63837
112,Green St & Randolph St,41.88362,-87.6486
113,Bissell St & Armitage Ave,41.91846,-87.65222
114,Sheffield Ave & Waveland Ave,41.94935,-87.65451
115,Sheffield Ave & Wellington Ave,41.93628,-87.65266
116,Western Ave & Winnebago Ave,41.91555,-87.68703
117,Wilton Ave & Belmont Ave,41.94016,-87.65302
118,Sedgwick St & North Ave,41.91138,-87.63868
119,Ashland Ave & Lake St,41.88593,-87.66717
120,Wentworth Ave & Cermak Rd,41.8531,-87.63191
121,Blackstone Ave & Hyde Park Blvd,41.80256,-87.59035
122,Ogden Ave & Congress Pkwy,41.87501,-87.67325
123,California Ave & Milwaukee Ave,41.92268,-87.69714
124,Damen Ave & Cullerton St,41.85492,-87.67609
125,Rush St & Hubbard St,41.89018,-87.62621
126,Clark St & North Ave,41.91196,-87.63197
127,Lincoln Ave & Fullerton Ave,41.92592,-87.64927
128,Damen Ave & Chicago Ave,41.89571,-87.67716
129,Blue Island Ave & 18th St,41.85752,-87.66158
130,Damen Ave & Division St,41.90327,-87.67846
131,Lincoln Ave & Belmont Ave,41.93937,-87.66835
132,Wentworth Ave & 24th St (Temp),41.85008,-87.63215
133,Kingsbury St & Kinzie St,41.88918,-87.63851
134,Peoria St & Jackson Blvd,41.87764,-87.64954
135,Halsted St & 21st St,41.85367,-87.64652
136,Racine Ave & 13th St,41.86504,-87.65698
137,Morgan Ave & 14th Pl,41.86238,-87.65108
138,Clybourn Ave & Division St,41.9046,-87.64057
140,Dearborn Pkwy & Delaware Pl,41.89895,-87.6299
141,Clark St & Lincoln Ave,41.91571,-87.63461
142,McClurg Ct & Erie St,41.89453,-87.61806
143,Sedgwick St & Webster Ave,41.92217,-87.63891
144,Larrabee St & Webster Ave,41.92182,-87.64411
145,Mies van der Rohe Way & Chestnut St,41.89856,-87.62211
146,Loomis St & Jackson Blvd,41.87794,-87.66201
147,Indiana Ave & 26th St,41.84569,-87.62251
148,State St & 33rd St,41.83474,-87.62581
149,Calumet Ave & 33rd St,41.83486,-87.61791
150,Fort Dearborn Dr & 31st St,41.83855,-87.60821
152,Lincoln Ave & Diversey Pkwy,41.93221,-87.65864
153,Southport Ave & Wellington Ave,41.93575,-87.66364
154,Southport Ave & Belmont Ave,41.93912,-87.66384
156,Clark St & Wellington Ave,41.9365,-87.64756
157,Lake Shore Dr & Wellington Ave,41.9367,-87.63683
158,Milwaukee Ave & Wabansia Ave,41.91262,-87.6814
159,Claremont Ave & Hirsch St,41.90777,-87.68586
160,Campbell Ave & North Ave,41.91054,-87.68957
161,Rush St & Superior St,41.89574,-87.62599
162,Damen Ave & Wellington Ave,41.93588,-87.67844
163,Damen Ave & Clybourn Ave,41.93191,-87.67784
164,Franklin St & Lake St,41.88583,-87.63547
165,Clark St & Grace St,41.95081,-87.65918
166,Ashland Ave & Wrightwood Ave,41.92883,-87.66853
167,Damen Ave & Coulter St,41.84919,-87.67565
168,Michigan Ave & 14th St,41.86415,-87.62372
169,Canal St & Harrison St,41.87424,-87.63959
170,Clinton St & 18th St,41.85793,-87.64083
171,May St & Cullerton St,41.85516,-87.65414
172,Rush St & Cedar St,41.90236,-87.62774
173,Mies van der Rohe Way & Chicago Ave,41.89704,-87.62173
174,Canal St & Madison St,41.88208,-87.63984
175,Wells St & Polk St,41.87255,-87.63359
176,Clark St & Elm St,41.90291,-87.63141
177,Theater on the Lake,41.92627,-87.63086
178,State St & 19th St,41.85657,-87.62755
179,MLK Jr Dr & Pershing Rd,41.82458,-87.61678
180,Ritchie Ct & Banks St,41.90687,-87.62618
181,LaSalle St & Illinois St,41.89077,-87.63168
182,Wells St & Elm St,41.90317,-87.63442
183,Damen Ave & Thomas St (Augusta Blvd),41.90133,-87.67744
184,State St & 35th St,41.83104,-87.62684
185,Stave St & Armitage Ave,41.91774,-87.69143
186,Ogden Ave & Race Ave,41.8918,-87.65879
188,Greenview Ave & Fullerton Ave,41.92536,-87.66581
190,Southport Ave & Wrightwood Ave,41.92878,-87.6639
191,Canal St & Monroe St,41.88169,-87.63951
192,Canal St & Adams St,41.87935,-87.63997
193,State St & 29th St,41.84171,-87.62695
194,Wabash Ave & Wacker Pl,41.88688,-87.62606
195,Columbus Dr & Randolph St,41.88466,-87.61952
196,Cityfront Plaza Dr & Pioneer Ct,41.89053,-87.62205
197,Michigan Ave & Madison St,41.88208,-87.62513
198,Green St & Madison St,41.88187,-87.6488
199,Wabash Ave & Grand Ave,41.89143,-87.62676
200,MLK Jr Dr & 47th St,41.80985,-87.61628
201,Indiana Ave & 40th St,41.82168,-87.6215
202,Halsted St & 18th St,41.85752,-87.64621
203,Western Ave & 21st St,41.85409,-87.68585
204,Prairie Ave & Garfield Blvd,41.79485,-87.61874
205,Paulina St & 18th St,41.8579,-87.6687
206,Halsted St & Archer Ave,41.84719,-87.64683
207,Emerald Ave & 28th St,41.84358,-87.64539
208,Laflin St & Cullerton St,41.85489,-87.66359
209,Normal Ave & Archer Ave,41.84953,-87.64058
210,Ashland Ave & Division St,41.90342,-87.66781
211,St. Clair St & Erie St,41.89439,-87.62267
212,Wells St & Hubbard St,41.88995,-87.63427
213,Leavitt St & North Ave,41.91037,-87.68237
214,Damen Ave & Grand Ave,41.89161,-87.67688
215,Damen Ave & Madison St,41.88139,-87.67492
216,California Ave & Division St,41.90302,-87.69749
217,Elizabeth (May) St & Fulton St,41.8866,-87.65821
218,Wells St & 19th St,41.85679,-87.63387
219,Damen Ave & Cortland St,41.91598,-87.67733
220,Clark St & Drummond Pl,41.93125,-87.64431
222,Milwaukee Ave & Rockwell St,41.92023,-87.69265
223,Clifton Ave & Armitage Ave,41.91821,-87.65698
224,Halsted St & Willow St,41.91386,-87.64877
225,Halsted St & Dickens Ave,41.91995,-87.64884
226,Racine Ave & Belmont Ave,41.93972,-87.65886
227,Southport Ave & Waveland Ave,41.94813,-87.66397
228,Damen Ave & Melrose Ave,41.94058,-87.67854
229,Southport Ave & Roscoe St,41.94372,-87.66401
230,Lincoln Ave & Roscoe St,41.94335,-87.67093
231,Sheridan Rd & Montrose Ave,41.96163,-87.65464
232,Pine Grove Ave & Waveland Ave,41.94943,-87.64645
233,Sangamon St & Washington Blvd,41.88309,-87.6511
234,Clark St & Montrose Ave,41.96158,-87.6661
236,Sedgwick St & Schiller St,41.90762,-87.63853
237,MLK Jr Dr & 29th St,41.84204,-87.61697
238,Wolcott (Ravenswood) Ave & Montrose Ave,41.96141,-87.6762
239,Western Ave & Leland Ave,41.9665,-87.68843
240,Sheridan Rd & Irving Park Rd,41.95424,-87.65441
241,Morgan St & Polk St,41.8718,-87.65102
242,Damen Ave & Leland Ave,41.9671,-87.67904
243,Lincoln Ave & Sunnyside Ave,41.96302,-87.68479
244,Ravenswood Ave & Irving Park Rd,41.95466,-87.67391
245,Clarendon Ave & Junior Ter,41.96101,-87.64958
246,Ashland Ave & Belle Plaine Ave,41.95606,-87.66885
247,Shore Dr & 55th St,41.79522,-87.58077
248,Woodlawn Ave & 55th St,41.79528,-87.59647
249,Montrose Harbor,41.96398,-87.63818
250,Ashland Ave & Wellington Ave,41.93609,-87.66984
251,Clarendon Ave & Leland Ave,41.96796,-87.65
252,Greenwood Ave & 47th St,41.80982,-87.59936
253,Winthrop Ave & Lawrence Ave,41.96883,-87.65765
254,Pine Grove Ave & Irving Park Rd,41.95438,-87.64806
255,Indiana Ave & Roosevelt Rd,41.86791,-87.62304
256,Broadway & Sheridan Rd,41.95282,-87.65
257,Lincoln Ave & Waveland Ave,41.9488,-87.67527
258,Logan Blvd & Elston Ave,41.92946,-87.68417
259,California Ave & Francis Pl (Temp),41.91853,-87.69745
260,Kedzie Ave & Milwaukee Ave,41.92958,-87.70791
261,Hermitage Ave & Polk St,41.87151,-87.6699
262,Halsted St & 37th St,41.82707,-87.64573
263,Rhodes Ave & 32nd St,41.8364,-87.61348
264,Stetson Ave & South Water St,41.8867,-87.62224
265,Cottage Grove Ave & Oakwood Blvd,41.82297,-87.6071
267,Lake Park Ave & 47th St,41.80944,-87.59188
268,Lake Shore Dr & North Blvd,41.91172,-87.62681
270,Stony Island Ave & 75th St,41.75867,-87.58692
271,Cottage Grove Ave & 43rd St,41.81648,-87.60659
272,Indiana Ave & 31st St,41.83882,-87.62186
273,Michigan Ave & 18th St,41.85783,-87.62455
274,Racine Ave & 15th St,41.86126,-87.6566
275,Ashland Ave & 13th St,41.86524,-87.66651
276,California Ave & North Ave,41.91043,-87.69718
277,Ashland Ave & Grand Ave,41.89108,-87.66665
278,Wallace St & 35th St,41.83062,-87.64129
279,Halsted St & 35th St,41.83067,-87.64715
280,Morgan St & 31st St,41.83779,-87.65116
281,Western Ave & 24th St,41.84847,-87.68513
282,Halsted St & Maxwell St,41.86487,-87.64708
283,LaSalle St & Jackson Blvd,41.87809,-87.63183
284,Michigan Ave & Jackson Blvd,41.87784,-87.62408
285,Wood St & Hubbard St,41.88989,-87.67149
286,Franklin St & Adams St (Temp),41.8793,-87.6355
287,Franklin St & Monroe St,41.88017,-87.63527
288,Larrabee St & Armitage Ave,41.91809,-87.64375
289,Wells St & Concord Ln,41.91209,-87.63472
290,Kedzie Ave & Palmer Ct,41.92152,-87.70734
291,Wells St & Evergreen Ave,41.90672,-87.63494
292,Southport Ave & Clark St,41.95709,-87.6642
293,Broadway & Wilson Ave,41.96521,-87.65822
294,Broadway & Berwyn Ave,41.97835,-87.65976
295,Broadway & Argyle St,41.97378,-87.65972
296,Broadway & Belmont Ave,41.9401,-87.64546
297,Paulina St & Montrose Ave,41.9615,-87.67141
298,Lincoln Ave & Belle Plaine Ave,41.95601,-87.68021
299,Halsted St & Roscoe St,41.94368,-87.64894
300,Broadway & Barry Ave,41.93761,-87.6441
301,Clark St & Schiller St,41.90796,-87.63203
302,Sheffield Ave & Wrightwood Ave,41.92859,-87.65421
303,Broadway & Cornelia Ave,41.94522,-87.64702
304,Broadway & Waveland Ave,41.94878,-87.64922
305,Western Ave & Division St,41.9028,-87.69005
306,Sheridan Rd & Buena Ave,41.9585,-87.655
307,Southport Ave & Clybourn Ave,41.92077,-87.66373
308,Seeley Ave & Roscoe St,41.94152,-87.68471
309,Leavitt St & Armitage Ave,41.91789,-87.6865
310,Damen Ave & Charleston St,41.91984,-87.68083
311,Leavitt St & Lawrence Ave,41.9689,-87.68402
312,Clarendon Ave & Gordon Ter,41.95637,-87.6563
313,Lakeview Ave & Fullerton Pkwy,41.9257,-87.64246
314,Ravenswood Ave & Berteau Ave,41.9535,-87.69199
315,Elston Ave & Wabansia Ave,41.91293,-87.66417
316,Damen Ave & Sunnyside Ave,41.95841,-87.69401
317,Wood St & Taylor St (Temp),41.87603,-87.68195
318,Southport Ave & Irving Park Rd,41.95254,-87.6735
319,Greenview Ave & Diversey Pkwy,41.93292,-87.67217
320,Loomis St & Lexington St,41.87327,-87.66402
321,Wabash Ave & 9th St,41.87427,-87.63257
322,Kimbark Ave & 53rd St,41.80321,-87.59849
323,Sheridan Rd & Lawrence Ave,41.96869,-87.66034
324,Stockton Dr & Wrightwood Ave,41.93173,-87.64179
325,Clark St & Winnemac Ave,41.9728,-87.67186
326,Clark St & Leland Ave,41.96665,-87.67113
327,Sheffield Ave & Webster Ave,41.92225,-87.65783
328,Ellis Ave & 58th St,41.78872,-87.6013
329,Lake Shore Dr & Diversey Pkwy,41.93258,-87.63642
330,Lincoln Ave & Addison St,41.94618,-87.67331
331,Halsted St & Clybourn Ave,41.90965,-87.64812
332,Burling St & Diversey Pkwy,41.93313,-87.64776
333,Ashland Ave & Blackhawk St,41.90706,-87.66725
334,Lake Shore Dr & Belmont Ave,41.94076,-87.63919
335,Calumet Ave & 35th St,41.83139,-87.61803
336,Cottage Grove Ave & 47th St,41.80985,-87.60675
337,Clark St & Chicago Ave,41.89659,-87.63096
338,Calumet Ave & 18th St,41.85758,-87.61956
339,Emerald Ave & 31st St,41.83817,-87.64523
340,Clark St & Wrightwood Ave,41.92956,-87.64313
341,Adler Planetarium,41.86608,-87.60733
342,Wolcott Ave & Polk St,41.87127,-87.6737
343,Racine Ave & Wrightwood Ave,41.92889,-87.65898
344,Ravenswood Ave & Lawrence Ave,41.9691,-87.67423
345,Lake Park Ave & 56th St,41.79326,-87.5878
346,Ada St & Washington Blvd,41.88284,-87.6612
347,Ashland Ave & Grace St,41.95068,-87.6687
348,California Ave & 21st St,41.8477,-87.69448
349,Halsted St & Wrightwood Ave,41.92915,-87.6491
350,Ashland Ave & Chicago Ave,41.89597,-87.66774
351,Cottage Grove Ave & 51st St,41.85441,-87.67678
352,Jeffery Blvd & 67th St,41.8137,-87.63448
353,Clark St & Touhy Ave,41.98656,-87.70761
354,Sheridan Rd & Greenleaf Ave,42.00587,-87.66802
355,South Shore Dr & 67th St,41.82217,-87.63032
356,Stony Island Ave & 71st St,41.87464,-87.70168
357,Lamon Ave & Armitage Ave,41.92,-87.75
358,Kilpatrick Ave & Parker Ave,41.93,-87.74
359,Larrabee St & Division St,41.90458,-87.6497
360,Kilbourn & Roscoe,41.94,-87.74
361,Kenosha & Wellington,41.93,-87.73
362,Lawndale Ave & 16th St,41.86,-87.72
363,Tripp Ave & 15th St,41.86,-87.73
364,Larrabee St & Oak St,41.90023,-87.64299
365,Halsted St & North Branch St,41.89936,-87.64848
366,Loomis St & Archer Ave,41.84164,-87.65744
367,Racine Ave & 35th St,41.83069,-87.65604
368,Ashland Ave & Archer Ave,41.83915,-87.66562
369,Wood St & 35th St,41.83012,-87.67031
370,Calumet Ave & 21st St,41.85415,-87.61917
371,Kildare Ave & Chicago Ave,41.9,-87.73
373,Kedzie Ave & Chicago Ave,41.89548,-87.70614
374,Western Ave & Walton St,41.89842,-87.68659
375,Sacramento Blvd & Franklin Blvd,41.89367,-87.71191
376,Artesian Ave & Hubbard St,41.88951,-87.68818
377,Kedzie Ave & Lake St,41.88719,-87.71697
378,California Ave & Lake St,41.89014,-87.71289
379,Rockwell St & Archer Ave,41.82,-87.69
381,Western Ave & Monroe St,41.87981,-87.68607
382,Western Ave & Congress Pkwy,41.8699,-87.68725
383,Paulina St & Flournoy St,41.87297,-87.66912
384,Halsted St & 51st St,41.8005,-87.68473
385,Princeton Ave & Garfield Blvd,41.79419,-87.64526
386,Halsted St & 56th St,41.793,-87.64502
388,Halsted St & 63rd St,41.78097,-87.65285
389,Maplewood Ave & 59th St,41.79,-87.69
390,Wentworth Ave & 63rd St,41.78008,-87.62975
391,Halsted St & 69th St,41.76907,-87.64462
392,Perry Ave & 69th St,41.76929,-87.62822
393,Calumet Ave & 71st St,41.88998,-87.75395
394,Clark St & 9th St (AMLI),41.87226,-87.63484
395,Jeffery Blvd & 76th St,41.75713,-87.57585
396,Yates Blvd & 75th St,41.88159,-87.7044
397,Narragansett Ave & School St,41.94,-87.79
398,Rainbow Beach,41.90386,-87.70941
399,South Shore Dr & 74th St,41.76225,-87.5592
400,Cottage Grove Ave & 71st St,41.76572,-87.60497
401,Shields Ave & 28th Pl,41.84276,-87.63549
402,Shields Ave & 31st St,41.83845,-87.6354
403,Wentworth Ave & 33rd St,41.83453,-87.63183
405,Wentworth Ave & 35th St,41.83078,-87.6325
406,Lake Park Ave & 35th St,41.83127,-87.6088
407,State St & Pershing Rd,41.82303,-87.62658
408,Union Ave & Root St,41.81914,-87.64328
409,Shields Ave & 43rd St,41.81617,-87.63457
410,Prairie Ave & 43rd St,41.81666,-87.61942
411,Halsted St & 47th Pl,41.80816,-87.64563
412,Princeton Ave & 47th St,41.80932,-87.63346
413,Woodlawn Ave & Lake Park Ave,41.81408,-87.59701
414,Canal St & Taylor St,41.87023,-87.63947
415,Calumet Ave & 51st St,41.80228,-87.61807
416,Dorchester Ave & 49th St,41.80578,-87.59247
417,Cornell Ave & Hyde Park Blvd,41.80242,-87.5869
418,Ellis Ave & 53rd St,41.79936,-87.60097
419,Lake Park Ave & 53rd St,41.79952,-87.58643
420,Ellis Ave & 55th St,41.79429,-87.60145
421,MLK Jr Dr & 56th St,41.79346,-87.61585
422,DuSable Museum,41.79156,-87.60785
423,University Ave & 57th St,41.79148,-87.59988
424,Museum of Science and Industry,41.79174,-87.58395
425,Harper Ave & 59th St,41.78795,-87.58831
426,Ellis Ave & 60th St,41.7851,-87.60108
427,Cottage Grove Ave & 63rd St,41.78061,-87.60602
428,Dorchester Ave & 63rd St,41.78041,-87.59139
429,Cottage Grove Ave & 67th St,41.77373,-87.60564
430,MLK Jr Dr & 63rd St,41.7801,-87.61595
431,Eberhart Ave & 61st St,41.78412,-87.6133
432,Clark St & Lunt Ave,42.00907,-87.67423
433,Kedzie Ave & Harrison St,41.87361,-87.70488
434,Ogden Ave & Roosevelt Rd,41.86651,-87.68465
435,Kedzie Ave & Roosevelt Rd,41.8665,-87.70649
436,Fairfield Ave & Roosevelt Rd,41.86664,-87.69452
437,Washtenaw Ave & Ogden Ave,41.86192,-87.69348
438,Central Park Ave & Ogden Ave,41.85395,-87.7151
439,Kedzie Ave & 21st St,41.85355,-87.70505
440,Central Park Ave & 24th St,41.8481,-87.71507
441,Kedzie Ave & 24th St,41.8482,-87.70543
442,California Ave & 23rd Pl,41.84912,-87.69515
443,Millard Ave & 26th St,41.84456,-87.71603
444,Albany Ave & 26th St,41.8445,-87.70202
445,California Ave & 26th St,41.84404,-87.69531
446,Western Ave & 28th St,41.84152,-87.68513
447,Glenwood Ave & Morse Ave,42.00797,-87.66548
448,Warren Park East,42.00456,-87.68064
449,Clark St & Columbia Ave,42.00446,-87.67241
450,Warren Park West,42.00179,-87.68883
451,Sheridan Rd & Loyola Ave,42.00108,-87.66123
452,Western Ave & Granville Ave,41.99417,-87.68945
453,Clark St & Schreiber Ave,41.99925,-87.67137
454,Broadway & Granville Ave,41.99478,-87.66027
455,Maplewood Ave & Peterson Ave,41.99024,-87.69338
456,2112 W Peterson Ave,41.99117,-87.68359
457,Clark St & Elmdale Ave,41.99052,-87.66982
458,Broadway & Thorndale Ave,41.98975,-87.66013
459,Lakefront Trail & Bryn Mawr Ave,41.98403,-87.65231
460,Clark St & Bryn Mawr Ave,41.98358,-87.66916
461,Broadway & Ridge Ave,41.98405,-87.66027
462,Winchester (Ravenswood) Ave & Balmoral Ave,41.97977,-87.67755
463,Clark St & Berwyn Ave,41.978,-87.66805
464,Damen Ave & Foster Ave,41.97562,-87.67945
465,Marine Dr & Ainslie St,41.97161,-87.65016
466,Ridge Blvd & Touhy Ave,42.01213,-87.68292
467,Western Ave & Lunt Ave,42.0086,-87.69047
468,Budlong Woods Library,41.98367,-87.69642
469,St. Louis Ave & Balmoral Ave,41.98038,-87.71612
470,Kedzie Ave & Foster Ave,41.97567,-87.70927
471,Francisco Ave & Foster Ave,41.97564,-87.70143
472,Lincoln Ave & Winona St,41.97492,-87.69262
473,Mason Ave & Belmont Ave,41.94,-87.77013
474,Christiana Ave & Lawrence Ave,41.96835,-87.71182
475,Washtenaw Ave & Lawrence Ave,41.96885,-87.69611
476,Kedzie Ave & Leland Ave,41.96668,-87.70807
477,Manor Ave & Leland Ave,41.96587,-87.70083
478,Rockwell St & Eastwood Ave,41.96587,-87.69364
479,Drake Ave & Montrose Ave,41.96116,-87.71658
480,Albany Ave & Montrose Ave,41.96104,-87.70586
481,California Ave & Montrose Ave,41.96108,-87.69544
482,Campbell Ave & Montrose Ave,41.96154,-87.69117
483,Avondale Ave & Irving Park Rd,41.9534,-87.73199
484,Monticello Ave & Irving Park Rd,41.954,-87.71907
485,Sawyer Ave & Irving Park Rd,41.95361,-87.70933
486,Oakley Ave & Irving Park Rd,41.95431,-87.68607
487,California Ave & Byron St,41.95216,-87.69806
488,Pulaski Rd & Eddy St (Temp),41.94627,-87.73105
489,Drake Ave & Addison St,41.94736,-87.7176
490,Troy St & Elston Ave,41.94523,-87.70664
491,Talman Ave & Addison St,41.94664,-87.69463
492,Leavitt St & Addison St,41.94662,-87.68337
493,Western Ave & Roscoe St,41.94304,-87.68729
494,Kedzie Ave & Bryn Mawr Ave,41.98234,-87.70892
495,Keystone Ave & Montrose Ave,41.96109,-87.72897
496,Avers Ave & Belmont Ave,41.9394,-87.72356
497,Kimball Ave & Belmont Ave,41.93941,-87.71159
498,California Ave & Fletcher St,41.93843,-87.69801
499,Kosciuszko Park,41.93056,-87.72381
500,Central Park Ave & Elbridge Ave,41.93534,-87.71686
501,Richmond St & Diversey Ave,41.93191,-87.70121
502,California Ave & Altgeld St,41.92667,-87.69772
503,St. Louis Ave & Fullerton Ave,41.92483,-87.71451
504,Campbell Ave & Fullerton Ave,41.92464,-87.68931
505,Winchester Ave & Elston Ave,41.92409,-87.67646
506,Spaulding Ave & Armitage Ave,41.91711,-87.71023
507,Humboldt Blvd & Armitage Ave,41.91752,-87.70181
508,Central Park Ave & North Ave,41.90964,-87.71664
509,Troy St & North Ave,41.9098,-87.70531
510,Spaulding Ave & Division St,41.90272,-87.70923
511,Albany Ave & Bloomingdale Ave,41.914,-87.70515
514,Ridge Blvd & Howard St,42.01927,-87.68452
515,Paulina St & Howard St,42.01915,-87.67356
517,Clark St & Jarvis Ave,42.01597,-87.675
518,Conservatory Dr & Lake St,41.8855,-87.71686
519,Wolcott Ave & Fargo Ave,42.01696,-87.67773
520,Greenview Ave & Jarvis Ave,42.01597,-87.66859
522,Bosworth Ave & Howard St,42.01954,-87.66954
523,Eastlake Ter & Rogers Ave,42.02089,-87.66505
524,Austin Blvd & Chicago Ave,41.89489,-87.77449
525,Glenwood Ave & Touhy Ave,42.01272,-87.66605
526,Oakley Ave & Touhy Ave,42.01235,-87.68825
527,Western Ave & Howard St,42.01892,-87.69004
528,Pulaski Rd & Lake St,41.88537,-87.72661
529,Cicero Ave & Lake St,41.88688,-87.74537
530,Laramie Ave & Kinzie St,41.88783,-87.75558
531,Central Ave & Lake St,41.88767,-87.76546
532,Austin Blvd & Lake St,41.88792,-87.77446
533,Central Park Blvd & 5th Ave,41.87568,-87.71549
534,Karlov Ave & Madison St,41.88085,-87.72793
535,Pulaski Rd & Congress Pkwy,41.87433,-87.72582
536,Kostner Ave & Lake St,41.88593,-87.7354
537,Kenton Ave & Madison St,41.8807,-87.74102
538,Cicero Ave & Flournoy St,41.87214,-87.74663
539,Cicero Ave & Quincy St,41.87762,-87.7454
540,Laramie Ave & Madison St,41.88022,-87.75536
541,Central Ave & Harrison St,41.87299,-87.7645
542,Central Ave & Madison St,41.88013,-87.76322
543,Laramie Ave & Gladys Ave,41.87581,-87.75531
544,Austin Blvd & Madison St,41.88028,-87.77448
545,Kostner Ave & Adams St,41.87792,-87.73583
546,Damen Ave & Pershing Rd,41.82319,-87.67661
547,Ashland Ave & Pershing Rd,41.82346,-87.66558
548,Morgan St & Pershing Rd,41.82363,-87.65093
549,Marshfield Ave & 44th St,41.81401,-87.66662
550,Central Ave & Chicago Ave,41.89495,-87.76491
551,Hoyne Ave & 47th St,41.80822,-87.67721
552,Ashland Ave & McDowell Ave,41.80887,-87.66452
553,Elizabeth St & 47th St,41.8084,-87.65653
554,Damen Ave & 51st St,41.80091,-87.67468
555,Ashland Ave & 50th St,41.80302,-87.6647
556,Throop St & 52nd St,41.79966,-87.65719
557,Seeley Ave & Garfield Blvd,41.7941,-87.67549
558,Ashland Ave & Garfield Blvd,41.79286,-87.66443
559,Racine Ave & Garfield Blvd,41.79423,-87.65509
560,Marshfield Ave & 59th St,41.78681,-87.66621
561,Damen Ave & 59th St,41.7857,-87.67409
562,Racine Ave & 61st St,41.78319,-87.65437
563,Ashland Ave & 63rd St,41.77937,-87.66486
564,Racine Ave & 65th St,41.7754,-87.6543
565,Ashland Ave & 66th St,41.77409,-87.66378
566,Ashland Ave & 69th St,41.76871,-87.66408
567,May St & 69th St,41.76895,-87.65293
568,Vincennes Ave & 75th St,41.75797,-87.6312
569,Woodlawn Ave & 75th St,41.75918,-87.59576
570,Evans Ave & 75th St,41.75849,-87.60642
571,Vernon Ave & 75th St,41.75836,-87.61415
572,State St & 76th St,41.75701,-87.62461
573,State St & 79th St,41.75079,-87.62444
574,Vernon Ave & 79th St,41.75095,-87.61379
575,Cottage Grove Ave & 78th St,41.75318,-87.60502
576,Greenwood Ave & 79th St,41.75129,-87.59752
577,Stony Island Ave & South Chicago Ave,41.75117,-87.58534
578,Bennett Ave & 79th St,41.75181,-87.57852
579,Phillips Ave & 79th St,41.75182,-87.56522
580,Exchange Ave & 79th St,41.75172,-87.55282
581,Commercial Ave & 83rd St,41.74462,-87.5512
582,Phillips Ave & 83rd St,41.74453,-87.56508
583,Stony Island Ave & 82nd St,41.74656,-87.58599
584,Ellis Ave & 83rd St,41.74412,-87.59905
585,Cottage Grove Ave & 83rd St,41.74344,-87.60485
586,MLK Jr Dr & 83rd St,41.74311,-87.61481
587,Wabash Ave & 83rd St,41.74332,-87.62284
588,South Chicago Ave & 83rd St,41.74392,-87.57522
589,Milwaukee Ave & Cuyler Ave,41.95447,-87.7496
590,Kilbourn Ave & Irving Park Rd,41.95374,-87.74056
591,Kilbourn Ave & Milwaukee Ave,41.94882,-87.74001
592,Knox Ave & Montrose Ave,41.96065,-87.74538
593,Halsted St & 59th St,41.78756,-87.64488
594,Western Blvd & 48th Pl,41.80567,-87.68337
595,Wabash Ave & 87th St,41.73663,-87.62264
596,Benson Ave & Church St,42.04822,-87.68348
597,Chicago Ave & Washington St,42.03256,-87.67914
598,Elmwood Ave & Austin St,42.02578,-87.68411
599,Valli Produce - Evanston Plaza,42.03972,-87.69942
600,Dodge Ave & Church St,42.04831,-87.6983
601,Central St Metra,42.06368,-87.69871
602,Central St & Girard Ave,42.06431,-87.68614
603,Chicago Ave & Sheridan Rd,42.05049,-87.67782
604,Sheridan Rd & Noyes St (NU),42.05824,-87.67744
605,University Library (NU),42.05294,-87.67342
619,Keystone Ave & Fullerton Ave,41.92457,-87.7279
620,Orleans St & Chestnut St (NEXT Apts),41.89817,-87.63754
621,Aberdeen St & Randolph St,41.88412,-87.65427
622,California Ave & Cortez St,41.90037,-87.69671
623,Michigan Ave & 8th St,41.87272,-87.62399
624,Dearborn St & Van Buren St,41.87626,-87.62923
625,Dodge Ave & Main St,42.04163,-87.6808
626,Delano Ct & Roosevelt Rd,41.86749,-87.63219
627,LaSalle Dr & Huron St,41.8948,-87.63231
628,Walsh Park,41.9146,-87.66796
630,Kildare Ave & Montrose Ave,41.96107,-87.73569
631,Malcolm X College Vaccination Site,41.87761,-87.6739
632,Clark St & Newport St,41.94453,-87.6547
635,Fairbanks St & Superior St,41.89576,-87.62012
636,Orleans St & Hubbard St,41.88997,-87.63662
637,Wood St & Chicago Ave,41.89563,-87.67209
638,Clinton St & Jackson Blvd,41.87827,-87.64078
639,Lakefront Trail & Wilson Ave,41.96584,-87.64538
640,Bernard St & Elston Ave,41.94993,-87.71396
641,Central Park Ave & Bloomingdale Ave,41.91416,-87.71676
642,Latrobe Ave & Chicago Ave,41.89473,-87.75689
643,Smith Park,41.89203,-87.68939
644,Western Ave & Fillmore St,41.86859,-87.68625
645,Archer (Damen) Ave & 37th St,41.82671,-87.68316
646,State St & 54th St,41.79663,-87.62592
647,Elizabeth St & 59th St,41.78746,-87.65557
648,Carpenter St & 63rd St,41.77991,-87.6509
649,Stewart Ave & 63rd St,41.77984,-87.63477
650,Eggleston Ave & 69th St,41.7689,-87.63586
651,Michigan Ave & 71st St,41.76529,-87.62173
652,Rhodes Ave & 71st St,41.766,-87.61173
653,Cornell Dr & Hayes Dr,41.78059,-87.58491
654,Racine Ave & Washington Blvd,41.88307,-87.65698
655,Hoyne Ave & Balmoral Ave,41.97987,-87.68194
656,Damen Ave & Walnut (Lake) St,41.88595,-87.67701
657,Wood St & Augusta Blvd,41.89918,-87.6722
658,Leavitt St & Division St,41.903,-87.6838
659,Leavitt St & Chicago Ave,41.8955,-87.68201
660,Sheridan Rd & Columbia Ave,42.00458,-87.66143
661,Evanston Civic Center,42.05704,-87.68657
662,Dodge Ave & Mulford St,42.02354,-87.69961
663,Lincolnwood Dr & Central St,42.06483,-87.71531
664,Leavitt St & Belmont Ave,41.93934,-87.68327
665,South Chicago Ave & Elliot Ave,41.74734,-87.58003
666,Cherry Ave & Blackhawk St,41.90723,-87.65564
671,HUBBARD ST BIKE CHECKING (LBS-WH-TEST),41.88996,-87.68021
672,Franklin St & Illinois St,41.89102,-87.63545
673,Lincoln Park Conservatory,41.92398,-87.63585
674,Michigan Ave & 71st St,41.7653,-87.62173
676,WATSON TESTING - DIVVY,41.89475,-87.73085
677,Stewart Ave & 83rd St,41.74371,-87.63409
678,Halsted St & 73rd St,41.76163,-87.64409
679,Ashland Ave & 74th St,41.75921,-87.66349
681,Halsted St & 78th St,41.7525,-87.64381
682,Eberhart Ave & 91st St,41.72927,-87.61177
683,Ashland Ave & 78th St,41.75223,-87.66377
684,Prospect Sq & 91st St,41.72801,-87.6676
685,Summit Ave & 86th St,41.73785,-87.64491
686,East End Ave & 87th St,41.7368,-87.58283
687,Loomis Blvd & 84th St,41.7415,-87.65841
689,Elizabeth St & 92nd St,41.7268,-87.65429
690,State St & 95th St,41.7217,-87.62284
691,Eggleston Ave & 92nd St,41.72763,-87.63488
692,Marquette Ave & 89th St,41.7337,-87.55844
693,Baltimore Ave & 87th St,41.73734,-87.54849
694,Houston Ave & 92nd St,41.7282,-87.54963
695,Dauphin Ave & 103rd St,41.70731,-87.60768
696,Indiana Ave & 103rd St,41.70717,-87.61841
697,Oglesby Ave & 100th St,41.71335,-87.56586
698,Cottage Grove Ave & 111th Pl,41.69167,-87.61
699,Vernon Ave & 107th St,41.70022,-87.61233
700,Halsted St & 96th St,41.71972,-87.64293
701,Constance Ave & 95th St,41.72216,-87.57897
702,Greenwood Ave & 91st St,41.72863,-87.59728
703,Greenwood Ave & 97th St,41.71871,-87.59699
704,Avenue O & 134th St,41.65191,-87.53962
705,Stony Island Ave & 90th St,41.7314,-87.58582
706,Dauphin Ave & 87th St,41.73649,-87.60126
707,Torrence Ave & 106th St,41.70286,-87.5599
708,Clyde Ave & 87th St,41.73718,-87.57269
709,Michigan Ave & 114th St,41.68703,-87.62115
710,Burnham Greenway & 105th St,41.7046,-87.52832
711,Halsted St & 111th St,41.69229,-87.64269
712,Wentworth Ave & 104th St,41.70535,-87.62892
713,Major Taylor Trail & 115th St,41.68496,-87.6453
714,State St & 123rd St,41.67066,-87.62273
715,Major Taylor Trail & 124th St,41.66872,-87.63721
716,Eberhart Ave & 131st St,41.658,-87.61078
717,Big Marsh Park,41.68588,-87.57376
718,Ewing Ave & Burnham Greenway,41.71272,-87.53471
719,Avenue O & 118th St,41.68102,-87.53794
720,Torrence Ave & 126th Pl,41.6663,-87.5572
721,Walden Pkwy & 100th St,41.71224,-87.66771
722,Commercial Ave & 130th St,41.65915,-87.55078
723,Hale Ave & 107th St,41.69923,-87.66885
724,Homewood Ave & 115th St,41.68457,-87.67084
725,Halsted St & 104th St,41.70515,-87.64403
726,Vincennes Ave & 104th St,41.70496,-87.65709
727,Ada St & 113th St,41.68756,-87.65535
728,Western Ave & 111th St,41.69124,-87.6813
730,Lawndale Ave & 111th St,41.69133,-87.71283
731,Bradley Park,41.7179,-87.56463
732,Hegewisch Metra Station,41.64859,-87.54621
13001,Michigan Ave & Washington St,41.88397,-87.62459
13006,LaSalle St & Washington St,41.88268,-87.63252
13008,Millennium Park,41.88105,-87.62408
13011,Canal St & Adams St,41.87931,-87.63993
13016,St. Clair St & Erie St,41.89431,-87.62277
13017,Franklin St & Chicago Ave,41.89676,-87.6357
13021,Clinton St & Lake St,41.88559,-87.64184
13022,Streeter Dr & Grand Ave,41.89227,-87.61205
13028,900 W Harrison St,41.87475,-87.64981
13029,Field Museum,41.86531,-87.6179
13033,Milwaukee Ave & Grand Ave,41.8916,-87.64835
13034,Michigan Ave & Pearson St,41.89754,-87.62352
13036,Michigan Ave & Madison St,41.8821,-87.62513
13037,Clinton St & Tilden St,41.87588,-87.64078
13042,Michigan Ave & Oak St,41.90097,-87.62377
13045,Dearborn St & Erie St,41.89403,-87.62931
13050,State St & Kinzie St,41.88919,-87.62775
13053,Green St & Randolph St,41.88365,-87.64863
13056,Canal St & Monroe St,41.88168,-87.63951
13058,Dayton St & North Ave,41.91059,-87.64942
13059,Bissell St & Armitage Ave,41.91845,-87.65222
13061,Ashland Ave & Division St,41.90342,-87.66779
13063,Sheridan Rd & Irving Park Rd,41.95424,-87.65441
13068,Western Ave & Winnebago Ave,41.91554,-87.68703
13071,Southport Ave & Roscoe St,41.94373,-87.66401
13073,Ashland Ave & Lake St,41.88592,-87.66717
13074,Broadway & Wilson Ave,41.96521,-87.6582
13075,Wentworth Ave & Cermak Rd,41.8531,-87.63192
13080,Hermitage Ave & Polk St,41.87151,-87.66989
13081,Ogden Ave & Congress Pkwy,41.87501,-87.67326
13083,Indiana Ave & 40th St,41.82167,-87.62153
13084,California Ave & Milwaukee Ave,41.92268,-87.69715
13085,Kedzie Ave & Milwaukee Ave,41.92958,-87.70789
13089,Damen Ave & Cullerton St,41.85497,-87.67567
13091,Western Ave & 21st St,41.85409,-87.68585
13096,California Ave & 21st St,41.8538,-87.69577
13099,Halsted St & 18th St,41.85784,-87.64627
13102,Calumet Ave & 18th St,41.85762,-87.61942
13108,Broadway & Argyle St,41.97379,-87.65971
13109,Broadway & Berwyn Ave,41.97835,-87.65976
13124,Cannon Dr & Fullerton Ave,41.92675,-87.63444
13128,Clark St & North Ave,41.91197,-87.63197
13132,Damen Ave & Chicago Ave,41.89573,-87.67718
13133,Damen Ave & Cortland St,41.91598,-87.67733
13134,Damen Ave & Madison St,41.88138,-87.67493
13135,Blue Island Ave & 18th St,41.85753,-87.66157
13136,Damen Ave & Division St,41.90326,-87.67845
13137,Broadway & Barry Ave,41.9376,-87.6441
13138,Canal St & Jackson Blvd,41.87723,-87.63941
13139,Throop St & Taylor St,41.86893,-87.65913
13143,Damen Ave & Melrose Ave,41.94059,-87.67853
13144,Seeley Ave & Roscoe St,41.9434,-87.67964
13146,Clark St & Armitage Ave,41.91831,-87.63629
13150,Michigan Ave & 18th St,41.85783,-87.62455
13154,Sheffield Ave & Kingsbury St,41.91054,-87.65312
13155,Racine Ave & Randolph St,41.88407,-87.65689
13156,Aberdeen St & Monroe St,41.88042,-87.65554
13157,Aberdeen St & Jackson Blvd,41.87773,-87.6548
13158,Peoria St & Jackson Blvd,41.87764,-87.64957
13160,May St & Taylor St,41.86947,-87.65548
13162,Halsted St & 21st St,41.85378,-87.64659
13163,Morgan St & 18th St,41.85808,-87.65108
13164,Racine Ave & 18th St,41.85818,-87.65648
13165,Racine Ave & 13th St,41.86505,-87.65697
13179,Clark St & Lincoln Ave,41.9157,-87.63461
13191,Sedgwick St & Webster Ave,41.92217,-87.63891
13192,Halsted St & Dickens Ave,41.91995,-87.64884
13193,Larrabee St & Webster Ave,41.92182,-87.64412
13194,Ogden Ave & Race Ave,41.8918,-87.65878
13196,Carpenter St & Huron St,41.89455,-87.65345
13197,Elizabeth (May) St & Fulton St,41.8866,-87.65816
13206,Loomis St & Jackson Blvd,41.87794,-87.66201
13213,State St & 29th St,41.84171,-87.62694
13215,Rhodes Ave & 32nd St,41.83634,-87.6135
13216,State St & 33rd St,41.83473,-87.62581
13217,Calumet Ave & 33rd St,41.83488,-87.61792
13221,Wood St & Milwaukee Ave,41.90765,-87.67254
13224,Ashland Ave & Blackhawk St,41.90706,-87.66725
13229,Southport Ave & Belmont Ave,41.93946,-87.66376
13235,Southport Ave & Waveland Ave,41.94814,-87.66396
13241,Western Ave & Division St,41.9029,-87.68731
13242,Milwaukee Ave & Rockwell St,41.92021,-87.69266
13243,Milwaukee Ave & Wabansia Ave,41.91262,-87.6814
13245,Claremont Ave & Hirsch St,41.90777,-87.68586
13247,Ashland Ave & Chicago Ave,41.89597,-87.66775
13248,Ashland Ave & Augusta Blvd,41.89964,-87.66788
13249,Ashland Ave & Belle Plaine Ave,41.95606,-87.66885
13253,Lincoln Ave & Waveland Ave,41.9488,-87.67527
13256,California Ave & Division St,41.90302,-87.69749
13257,Campbell Ave & North Ave,41.91054,-87.68956
13258,California Ave & North Ave,41.91043,-87.69718
13259,California Ave & Francis Pl (Temp),41.91852,-87.69744
13263,Columbus Dr & Randolph St,41.88467,-87.61952
13265,Kingsbury St & Erie St,41.89383,-87.64172
13266,Stave St & Armitage Ave,41.91774,-87.69142
13268,Damen Ave & Wellington Ave,41.93588,-87.67843
13269,Ashland Ave & Wellington Ave,41.93609,-87.66983
13271,Damen Ave & Clybourn Ave,41.93192,-87.67784
13276,Stockton Dr & Wrightwood Ave,41.93132,-87.63874
13277,Broadway & Belmont Ave,41.9401,-87.64546
13278,Broadway & Cornelia Ave,41.94553,-87.64644
13285,Wood St & Taylor St (Temp),41.86928,-87.67372
13288,Damen Ave & Charleston St,41.92008,-87.67788
13289,Eckhart Park,41.89638,-87.661
13290,Noble St & Milwaukee Ave,41.90069,-87.66259
13292,Kedzie Ave & Palmer Ct,41.92152,-87.70733
13294,Greenview Ave & Diversey Pkwy,41.9326,-87.66595
13296,Ashland Ave & Wrightwood Ave,41.92883,-87.66852
13300,DuSable Lake Shore Dr & Monroe St,41.88097,-87.61675
13303,Clark St & Chicago Ave,41.89672,-87.63088
13304,Racine Ave & 15th St,41.86126,-87.65659
13307,Laflin St & Cullerton St,41.85489,-87.66359
13319,Ashland Ave & Grace St,41.95069,-87.6687
13323,Broadway & Sheridan Rd,41.95282,-87.65
13325,Broadway & Waveland Ave,41.94907,-87.64863
13326,Canal St & Harrison St,41.87425,-87.63958
13331,May St & Cullerton St,41.85515,-87.65414
13332,Loomis St & Lexington St,41.87219,-87.6615
13338,Mies van der Rohe Way & Chicago Ave,41.89697,-87.62173
13341,Canal St & Madison St,41.88208,-87.63985
13345,Calumet Ave & 35th St,41.83138,-87.61803
13353,Ada St & Washington Blvd,41.88283,-87.6612
13354,Ashland Ave & 13th St,41.86524,-87.66651
13379,Clarendon Ave & Gordon Ter,41.95786,-87.6495
13389,Clarendon Ave & Junior Ter,41.961,-87.64958
13398,Blackstone Ave & Hyde Park Blvd,41.80256,-87.59035
13409,Sangamon St & Washington Blvd,41.8831,-87.6511
13420,MLK Jr Dr & Pershing Rd,41.82459,-87.61678
13427,Cityfront Plaza Dr & Pioneer Ct,41.89054,-87.62205
13430,LaSalle St & Illinois St,41.89077,-87.63169
13431,Adler Planetarium,41.8661,-87.60728
13432,Wood St & Hubbard St,41.88989,-87.67149
13434,Ashland Ave & Grand Ave,41.89108,-87.66663
15442,Ashland Ave & Archer Ave,41.83918,-87.66562
15443,Shields Ave & 28th Pl,41.84275,-87.63549
15445,Wentworth Ave & 33rd St,41.83453,-87.63183
15446,Racine Ave & 35th St,41.83068,-87.65603
15449,State St & Pershing Rd,41.82302,-87.62657
15470,Calumet Ave & 51st St,41.80228,-87.61807
15491,63rd St Beach,41.78096,-87.57624
15529,Mies van der Rohe Way & Chestnut St,41.89858,-87.62206
15530,Rush St & Superior St,41.89575,-87.62596
15534,Field Blvd & South Water St,41.88627,-87.61749
15535,Desplaines St & Randolph St,41.8846,-87.64455
15539,Desplaines St & Jackson Blvd,41.87763,-87.64405
15541,Buckingham Fountain,41.8758,-87.62086
15542,Clinton St & Polk St,41.87146,-87.64095
15544,Shedd Aquarium,41.86723,-87.61536
15545,Burnham Harbor,41.85627,-87.61334
15546,Calumet Ave & 21st St,41.85416,-87.61916
15550,Canal St & Taylor St,41.87024,-87.63947
15571,Broadway & Granville Ave,41.99478,-87.66028
15575,Broadway & Thorndale Ave,41.98975,-87.66014
15578,Broadway & Ridge Ave,41.98405,-87.66027
15585,Budlong Woods Library,41.98367,-87.69642
15597,Halsted St & 69th St,41.76906,-87.64461
15599,Calumet Ave & 71st St,41.76551,-87.61693
15615,Christiana Ave & Lawrence Ave,41.96835,-87.71183
15621,Albany Ave & Montrose Ave,41.96103,-87.70586
15622,California Ave & Montrose Ave,41.96108,-87.69544
15623,Campbell Ave & Montrose Ave,41.96154,-87.69117
15624,Avondale Ave & Irving Park Rd,41.95339,-87.73199
15628,California Ave & Byron St,41.95216,-87.69806
15631,Troy St & Elston Ave,41.94524,-87.70665
15632,Talman Ave & Addison St,41.94664,-87.69463
15634,Western Ave & Roscoe St,41.94304,-87.68729
15640,Avers Ave & Belmont Ave,41.93941,-87.72357
15642,California Ave & Fletcher St,41.93843,-87.69801
15643,Kosciuszko Park,41.93057,-87.7238
15644,Central Park Ave & Elbridge Ave,41.93534,-87.71687
15645,Richmond St & Diversey Ave,41.93191,-87.70121
15646,California Ave & Altgeld St,41.92668,-87.6977
15648,Campbell Ave & Fullerton Ave,41.92464,-87.68931
15650,Spaulding Ave & Armitage Ave,41.91711,-87.71023
15651,Humboldt Blvd & Armitage Ave,41.91752,-87.70181
15652,Central Park Ave & North Ave,41.90965,-87.71664
15653,Troy St & North Ave,41.90979,-87.7053
15654,Spaulding Ave & Division St,41.90271,-87.70923
15655,Albany Ave & Bloomingdale Ave,41.91401,-87.70514
15664,Artesian Ave & Hubbard St,41.8895,-87.68821
15666,California Ave & Lake St,41.88446,-87.6963
15667,Western Ave & Monroe St,41.8798,-87.68609
15668,Western Ave & Congress Pkwy,41.87471,-87.68642
15682,Kedzie Ave & Roosevelt Rd,41.86651,-87.70649
15685,Central Park Ave & Ogden Ave,41.85399,-87.71511
15686,Kedzie Ave & 21st St,41.85354,-87.70507
15687,Central Park Ave & 24th St,41.8481,-87.71508
15689,California Ave & 23rd Pl,41.84912,-87.69515
15691,Albany Ave & 26th St,41.84449,-87.70203
15692,California Ave & 26th St,41.84404,-87.69531
16010,Keystone Ave & Fullerton Ave,41.92458,-87.72787
16806,Bosworth Ave & Howard St,42.01953,-87.66955
16903,Cicero Ave & Lake St,41.88686,-87.74531
16905,Central Ave & Lake St,41.88767,-87.76547
16906,Austin Blvd & Lake St,41.88792,-87.77445
16907,Central Park Blvd & 5th Ave,41.87568,-87.71549
16912,Cicero Ave & Flournoy St,41.87213,-87.74664
16913,Cicero Ave & Quincy St,41.87762,-87.7454
16915,Central Ave & Harrison St,41.873,-87.7645
16916,Central Ave & Madison St,41.88012,-87.76323
16918,Austin Blvd & Madison St,41.88028,-87.77447
16920,Central Ave & Chicago Ave,41.89495,-87.76491
16921,Austin Blvd & Chicago Ave,41.89488,-87.77459
16932,Ashland Ave & Pershing Rd,41.82346,-87.66558
16933,Morgan St & Pershing Rd,41.82362,-87.65093
16937,Ashland Ave & McDowell Ave,41.80887,-87.66453
16940,Ashland Ave & 50th St,41.80302,-87.66469
16943,Ashland Ave & Garfield Blvd,41.79284,-87.66443
16948,Ashland Ave & 63rd St,41.77937,-87.6649
16950,Ashland Ave & 66th St,41.77408,-87.66378
16953,Vincennes Ave & 75th St,41.75796,-87.6312
16970,Bennett Ave & 79th St,41.7518,-87.5785
16991,Milwaukee Ave & Cuyler Ave,41.95448,-87.7496
16994,Kilbourn Ave & Milwaukee Ave,41.94784,-87.74
17660,California Ave & Cortez St,41.90036,-87.69671
18003,Fairbanks St & Superior St,41.89575,-87.62011
18016,Bernard St & Elston Ave,41.94993,-87.71395
18017,Central Park Ave & Bloomingdale Ave,41.91416,-87.71676
18022,Archer (Damen) Ave & 37th St,41.82672,-87.68315
18025,Carpenter St & 63rd St,41.77989,-87.6509
18058,Leavitt St & Chicago Ave,41.8955,-87.68201
18062,Aberdeen St & Randolph St,41.88412,-87.65427
18067,Walsh Park,41.9146,-87.66796
18069,Cherry Ave & Blackhawk St,41.90722,-87.65563
20101,Summit Ave & 86th St,41.73785,-87.64489
20103,Prospect Sq & 91st St,41.7281,-87.66757
20104,State St & 95th St,41.72171,-87.62283
20105,Halsted St & 96th St,41.71972,-87.6429
20106,Chicago State University,41.71897,-87.60833
20107,Walden Pkwy & 100th St,41.7122,-87.66772
20108,Hale Ave & 107th St,41.69921,-87.66888
20109,Vernon Ave & 107th St,41.70018,-87.6123
20110,Eberhart Ave & 91st St,41.72933,-87.61076
20112,Indiana Ave & 103rd St,41.70717,-87.61842
20113,Dauphin Ave & 103rd St,41.70728,-87.60767
20114,Doty Ave & 111th St,41.69504,-87.59875
20116,Dauphin Ave & 87th St,41.73652,-87.60126
20118,Eggleston Ave & 92nd St,41.72762,-87.63487
20119,Elizabeth St & 92nd St,41.72682,-87.6543
20120,Stewart Ave & 83rd St,41.74372,-87.63409
20121,Loomis Blvd & 84th St,41.74152,-87.65842
20123,Western Ave & 104th St,41.70461,-87.68115
20124,Vincennes Ave & 104th St,41.70495,-87.657
20125,Halsted St & 104th St,41.70517,-87.64242
20126,S Aberdeen St & W 106th St,41.7,-87.65
20127,Halsted St & 111th St,41.69228,-87.64268
20128,S Wentworth Ave & W 111th St,41.69,-87.63
20129,Ada St & 113th St,41.68756,-87.65542
20130,Wentworth Ave & 104th St,41.70534,-87.62903
20131,Cottage Grove Ave & 111th Pl,41.69169,-87.61
20133,Woodlawn & 103rd - Olive Harvey Vaccination Site,41.71,-87.59
20134,Maryland Ave & 104th St,41.71,-87.6
20201,Kedzie Ave & 104th St,41.7,-87.7
20202,W 103rd St & S Avers Ave,41.71,-87.72
20203,Lawndale Ave & 111th St,41.69131,-87.71286
20204,Kedzie Ave & 110th St,41.6924,-87.70096
20205,Western Ave & 111th St,41.69121,-87.6813
20206,Homewood Ave & 115th St,41.68459,-87.6708
20207,Major Taylor Trail & 115th St,41.68496,-87.6453
20208,Major Taylor Trail & 124th St,41.66871,-87.63717
20209,S Michigan Ave & E 118th St,41.68,-87.62
20210,State St & 123rd St,41.67067,-87.62273
20211,Eberhart Ave & 131st St,41.65807,-87.61076
20212,Altgeld Gardens,41.65693,-87.59883
20213,Commercial Ave & 130th St,41.65915,-87.55078
20214,Avenue O & 134th St,41.65191,-87.53961
20215,Hegewisch Metra Station,41.64856,-87.54618
20217,Torrence Ave & 126th Pl,41.66628,-87.55719
20218,Avenue O & 118th St,41.68103,-87.53798
20220,Avenue L & 114th St,41.69,-87.54
20221,Torrence Ave & 106th St,41.70284,-87.55984
20222,Burnham Greenway & 105th St,41.7046,-87.52832
20223,Ewing Ave & Burnham Greenway,41.71272,-87.53472
20224,Calumet Park,41.71371,-87.53083
20225,Commercial Ave & 100th St,41.71331,-87.55119
20226,Oglesby Ave & 100th St,41.71336,-87.56586
20227,Bradley Park,41.7179,-87.56461
20228,Constance Ave & 95th St,41.72222,-87.57897
20229,Baltimore Ave & 87th St,41.73734,-87.54849
20230,Clyde Ave & 87th St,41.73716,-87.57272
20231,East End Ave & 87th St,41.7368,-87.58282
20232,Big Marsh Park,41.68588,-87.57378
20233,Halsted St & 78th St,41.75251,-87.64378
20234,Ashland Ave & 78th St,41.75223,-87.66378
20235,Greenwood Ave & 91st St,41.72847,-87.59728
20236,Stony Island Ave & 90th St,41.7314,-87.58577
20237,Yates Blvd & 93rd St,41.72616,-87.56634
20238,Greenwood Ave & 97th St,41.7187,-87.597
20239,Marquette Ave & 89th St,41.73367,-87.5584
20242,Houston Ave & 92nd St,41.7282,-87.54962
20243,Michigan Ave & 114th St,41.68701,-87.62111
20244,Halsted St & 73rd St,41.76163,-87.64411
20245,Ashland Ave & 74th St,41.7592,-87.66348
20246,N Green St & W Lake St,41.89,-87.65
20247,W Washington Blvd & N Peoria St,41.88,-87.65
20248,N Hampden Ct & W Diversey Ave,41.93,-87.64
20249,N Clark St & W Elm St,41.9,-87.63
20251,N Carpenter St & W Lake St,41.89,-87.65
20252,W Oakdale Ave & N Broadway,41.94,-87.64
20253,N Paulina St & Lincoln Ave,41.94,-87.67
20254,W Armitage Ave & N Sheffield Ave,41.92,-87.65
20256,N Sheffield Ave & W Wellington Ave,41.94,-87.65
20257,N Southport Ave & W Newport Ave,41.94,-87.66
20258,N Damen Ave & W Wabansia St,41.91,-87.68
20260,Ping Tom Park (East),41.86,-87.63
20999,Lyft Driver Center Private Rack,41.9,-87.66
201022,Loomis St & 89th St,41.73246,-87.65808
202480,Hampden Ct & Diversey Ave,41.93,-87.64
DIVVY 001,WEST CHI-WATSON,41.89475,-87.7309
DIVVY CASSETTE REPAIR MOBILE STATION,DIVVY CASSETTE REPAIR MOBILE STATION,41.881,-87.61675
E002,Chicago Ave & Washington St,42.03256,-87.67912
E006,Central St Metra,42.06367,-87.69871
E007,Central St & Girard Ave,42.06431,-87.68615
E008,Chicago Ave & Sheridan Rd,42.05049,-87.67782
E011,Dodge Ave & Main St,42.03473,-87.69912
E014,Lincolnwood Dr & Central St,42.06483,-87.71531
Hubbard Bike-checking (LBS-WH-TEST),Base - 2132 W Hubbard Warehouse,41.88995,-87.68034
KA1503000001,Shields Ave & 43rd St,41.8162,-87.63468
KA1503000002,South Shore Dr & 71st St,41.76641,-87.5657
KA1503000003,Cottage Grove Ave & 71st St,41.76572,-87.60498
KA1503000004,Lake Park Ave & 35th St,41.83127,-87.6088
KA1503000005,Wentworth Ave & 35th St,41.83079,-87.6325
KA1503000007,Cornell Ave & Hyde Park Blvd,41.80242,-87.58689
KA1503000009,Princeton Ave & 47th St,41.80932,-87.63346
KA1503000010,Halsted St & 51st St,41.8018,-87.64522
KA1503000011,Halsted St & 56th St,41.79296,-87.645
KA1503000012,Clark St & Lake St,41.88599,-87.63089
KA1503000013,Princeton Ave & Garfield Blvd,41.79498,-87.63312
KA1503000014,Ellis Ave & 60th St,41.7851,-87.60108
KA1503000015,Wabash Ave & Adams St,41.87948,-87.6257
KA1503000018,Jeffery Blvd & 71st St,41.76663,-87.57645
KA1503000019,Stony Island Ave & 75th St,41.75867,-87.5869
KA1503000020,South Shore Dr & 74th St,41.76223,-87.55923
KA1503000021,Stony Island Ave & 64th St,41.77888,-87.58665
KA1503000022,Clark St & Montrose Ave,41.96158,-87.66609
KA1503000023,Stony Island Ave & 67th St,41.77346,-87.58534
KA1503000024,Yates Blvd & 75th St,41.75876,-87.56644
KA1503000025,Wentworth Ave & 63rd St,41.78008,-87.62977
KA1503000027,Prairie Ave & 43rd St,41.81666,-87.61942
KA1503000028,Jeffery Blvd & 76th St,41.75712,-87.57585
KA1503000029,South Shore Dr & 67th St,41.77364,-87.56747
KA1503000030,Jeffery Blvd & 67th St,41.77352,-87.57722
KA1503000031,Cottage Grove Ave & 67th St,41.77373,-87.60564
KA1503000032,Union Ave & Root St,41.81912,-87.64328
KA1503000033,Eberhart Ave & 61st St,41.78411,-87.61329
KA1503000034,LaSalle St & Adams St,41.87938,-87.63197
KA1503000038,Shields Ave & 31st St,41.83845,-87.6354
KA1503000040,Loomis St & Archer Ave,41.84164,-87.65744
KA1503000041,McClurg Ct & Erie St,41.89452,-87.61798
KA1503000043,Kingsbury St & Kinzie St,41.88918,-87.63851
KA1503000044,Rush St & Hubbard St,41.89018,-87.6262
KA1503000045,Stony Island Ave & 71st St,41.76649,-87.58647
KA1503000046,Dorchester Ave & 63rd St,41.78041,-87.59141
KA1503000047,Perry Ave & 69th St,41.76929,-87.62821
KA1503000049,Rainbow Beach,41.75788,-87.54938
KA1503000051,Halsted St & 47th Pl,41.80815,-87.64563
KA1503000052,Ellis Ave & 53rd St,41.79935,-87.60097
KA1503000053,MLK Jr Dr & 63rd St,41.78009,-87.61595
KA1503000054,Cottage Grove Ave & 63rd St,41.78061,-87.60582
KA1503000055,Halsted & 63rd - Kennedy-King Vaccination Site,41.77939,-87.64463
KA1503000059,Lake Park Ave & 53rd St,41.79952,-87.58643
KA1503000064,Dusable Harbor,41.88697,-87.61281
KA1503000065,Woodlawn Ave & Lake Park Ave,41.81409,-87.59701
KA1503000066,Wood St & 35th St,41.83011,-87.67031
KA1503000068,Leavitt St & Archer Ave,41.82878,-87.68062
KA1503000069,Dorchester Ave & 49th St,41.80579,-87.59247
KA1503000070,Harper Ave & 59th St,41.78794,-87.58831
KA1503000071,University Ave & 57th St,41.79148,-87.59988
KA1503000072,Wacker Dr & Washington St,41.88317,-87.63693
KA1503000073,MLK Jr Dr & 56th St,41.79345,-87.61585
KA1503000074,Museum of Science and Industry,41.79174,-87.58395
KA1503000075,DuSable Museum,41.79156,-87.60785
KA1504000076,Ellis Ave & 55th St,41.7943,-87.60145
KA1504000078,Lincoln Ave & Winona St,41.97491,-87.69258
KA1504000079,Larrabee St & Division St,41.9035,-87.64334
KA1504000080,Washtenaw Ave & Lawrence Ave,41.96887,-87.69609
KA1504000082,Kedzie Ave & Harrison St,41.87361,-87.70488
KA1504000086,Kedzie Ave & 24th St,41.8482,-87.70542
KA1504000090,St. Louis Ave & Fullerton Ave,41.92483,-87.7145
KA1504000091,Hoyne Ave & 47th St,41.80823,-87.6772
KA1504000093,Rockwell St & Eastwood Ave,41.96587,-87.69365
KA1504000096,Sawyer Ave & Irving Park Rd,41.95361,-87.70932
KA1504000097,Drake Ave & Montrose Ave,41.96116,-87.71658
KA150400009X,Kimball Ave & Belmont Ave,41.9394,-87.71159
KA1504000101,Ogden Ave & Roosevelt Rd,41.86651,-87.68466
KA1504000102,Fairfield Ave & Roosevelt Rd,41.86664,-87.69453
KA1504000103,Western Ave & Walton St,41.89842,-87.68659
KA1504000104,Paulina St & Flournoy St,41.87296,-87.66912
KA1504000106,Kedzie Ave & Lake St,41.88459,-87.70631
KA1504000109,Washtenaw Ave & Ogden Ave,41.86192,-87.69347
KA1504000110,Millard Ave & 26th St,41.84454,-87.71596
KA1504000113,Sacramento Blvd & Franklin Blvd,41.89049,-87.70262
KA1504000114,Kedzie Ave & Chicago Ave,41.89547,-87.70614
KA1504000116,Larrabee St & Oak St,41.90023,-87.64299
KA1504000117,Halsted St & North Branch St,41.89936,-87.64848
KA1504000126,Kedzie Ave & Leland Ave,41.96668,-87.70807
KA1504000127,Manor Ave & Leland Ave,41.96587,-87.70083
KA1504000128,Kedzie Ave & Foster Ave,41.97567,-87.70927
KA1504000129,Western Ave & Granville Ave,41.99417,-87.68945
KA1504000130,Maplewood Ave & Peterson Ave,41.99024,-87.69338
KA1504000133,Rush St & Cedar St,41.90234,-87.62773
KA1504000134,Ritchie Ct & Banks St,41.90687,-87.6262
KA1504000135,Wells St & Elm St,41.90319,-87.63439
KA1504000139,Monticello Ave & Irving Park Rd,41.954,-87.71909
KA1504000140,Winchester Ave & Elston Ave,41.92409,-87.67646
KA1504000141,Pulaski Rd & Eddy St (Temp),41.94627,-87.73105
KA1504000142,Drake Ave & Addison St,41.94735,-87.71759
KA1504000143,Leavitt St & Addison St,41.94664,-87.68337
KA1504000146,Clark St & Berwyn Ave,41.978,-87.66805
KA1504000147,Winchester (Ravenswood) Ave & Balmoral Ave,41.97976,-87.67754
KA1504000148,Clark St & Elmdale Ave,41.99086,-87.66971
KA1504000149,Damen Ave & Foster Ave,41.97562,-87.67945
KA1504000151,Clark St & Bryn Mawr Ave,41.98359,-87.66916
KA1504000152,Lakefront Trail & Bryn Mawr Ave,41.98403,-87.65231
KA1504000155,2112 W Peterson Ave,41.99118,-87.68359
KA1504000156,Clark St & Schreiber Ave,41.99925,-87.67137
KA1504000158,Oakley Ave & Irving Park Rd,41.95432,-87.68607
KA1504000159,Sheridan Rd & Greenleaf Ave,42.01059,-87.66241
KA1504000160,Francisco Ave & Foster Ave,41.97564,-87.70143
KA1504000161,St. Louis Ave & Balmoral Ave,41.98038,-87.71612
KA1504000162,Clark St & Lunt Ave,42.00907,-87.67422
KA1504000164,Keystone Ave & Montrose Ave,41.96109,-87.72897
KA1504000167,Kedzie Ave & Bryn Mawr Ave,41.98206,-87.70895
KA1504000168,Western & 28th - Velasquez Institute Vaccination Site,41.84152,-87.68514
KA1504000171,Marine Dr & Ainslie St,41.97161,-87.65016
KA1504000175,Glenwood Ave & Morse Ave,42.00797,-87.66549
KA17018054,Damen Ave & Walnut (Lake) St,41.88595,-87.67701
KA17018068,Leavitt St & Belmont Ave,41.93935,-87.68327
KA1706005007,Delano Ct & Roosevelt Rd,41.86749,-87.63219
KA1706005015,Kildare Ave & Montrose Ave,41.96108,-87.73569
KP1705001026,LaSalle Dr & Huron St,41.89483,-87.6323
LF-005,DuSable Lake Shore Dr & North Blvd,41.91172,-87.62681
LP-,Lincoln Park Conservatory,41.92396,-87.63584
RN-,Franklin St & Illinois St,41.89102,-87.63546
RP-001,Warren Park West,42.00179,-87.68883
RP-002,Warren Park East,42.00456,-87.68065
RP-004,Oakley Ave & Touhy Ave,42.01234,-87.68825
RP-005,Western Ave & Lunt Ave,42.0086,-87.69047
RP-006,Ridge Blvd & Touhy Ave,42.01213,-87.68292
RP-007,Clark St & Touhy Ave,42.01256,-87.67431
RP-008,Clark St & Columbia Ave,42.00446,-87.6724
RP-009,Sheridan Rd & Loyola Ave,42.00107,-87.66122
SL-005,Indiana Ave & Roosevelt Rd,41.8679,-87.62304
SL-006,Wells St & 19th St,41.8568,-87.63387
SL-007,State St & Harrison St,41.87404,-87.6277
SL-008,Federal St & Polk St,41.87209,-87.62956
SL-009,Clark St & 9th St (AMLI),41.87081,-87.63121
SL-010,Financial Pl & Ida B Wells Dr,41.87501,-87.63309
SL-011,Wells St & Polk St,41.87256,-87.63356
SL-012,Wabash Ave & 16th St,41.86038,-87.62581
SL-013,State St & 19th St,41.85659,-87.62755
TA1305000001,Wabash Ave & Cermak Rd,41.85262,-87.6265
TA1305000002,Wabash Ave & Roosevelt Rd,41.86721,-87.62597
TA1305000003,Fairbanks Ct & Grand Ave,41.89187,-87.62061
TA1305000004,McCormick Place,41.8514,-87.61884
TA1305000005,Dearborn St & Adams St,41.87924,-87.62975
TA1305000006,Dearborn St & Monroe St,41.88122,-87.6296
TA1305000009,Clark St & Ida B Wells Dr,41.87593,-87.63068
TA1305000010,Michigan Ave & Ida B Wells Dr,41.87623,-87.62444
TA1305000011,Michigan Ave & Lake St,41.886,-87.62418
TA1305000014,Clark St & Wrightwood Ave,41.92956,-87.64313
TA1305000017,Halsted St & Roosevelt Rd,41.86734,-87.64863
TA1305000020,Ogden Ave & Chicago Ave,41.89636,-87.65406
TA1305000022,Orleans St & Merchandise Mart Plaza,41.88817,-87.63656
TA1305000025,Franklin St & Jackson Blvd,41.87773,-87.63528
TA1305000029,State St & Randolph St,41.88466,-87.62787
TA1305000030,Clark St & Randolph St,41.88459,-87.63178
TA1305000032,Clinton St & Madison St,41.88218,-87.64109
TA1305000034,Honore St & Division St,41.90313,-87.67391
TA1305000035,State St & Van Buren St,41.87716,-87.62787
TA1305000037,Paulina Ave & North Ave,41.91018,-87.67003
TA1305000039,Elston Ave & Cortland St,41.9163,-87.66749
TA1305000041,Damen Ave & Pierce Ave,41.9094,-87.67769
TA1306000002,Morgan Ave & 14th Pl,41.86238,-87.65108
TA1306000003,Desplaines St & Kinzie St,41.88867,-87.64442
TA1306000006,Orleans St & Elm St,41.90292,-87.63772
TA1306000007,Larrabee St & Menomonee St,41.91469,-87.64333
TA1306000008,Larrabee St & North Ave,41.9102,-87.6435
TA1306000009,Larrabee St & Kingsbury St,41.89772,-87.64299
TA1306000010,Daley Center Plaza,41.88419,-87.62961
TA1306000011,Wells St & Walton St,41.89994,-87.63443
TA1306000012,Wells St & Huron St,41.89475,-87.63438
TA1306000013,New St & Illinois St,41.89083,-87.61852
TA1306000014,Wilton Ave & Diversey Pkwy,41.93242,-87.65271
TA1306000015,Morgan St & Lake St,41.88549,-87.65232
TA1306000016,Sheffield Ave & Fullerton Ave,41.9256,-87.65371
TA1306000025,Racine Ave & Congress Pkwy,41.87464,-87.65703
TA1306000026,Racine Ave & Fullerton Ave,41.92558,-87.65842
TA1306000029,Lake Shore Dr & Ohio St,41.89256,-87.61449
TA1306000032,Sheffield Ave & Willow St,41.9137,-87.65285
TA1307000001,Greenview Ave & Fullerton Ave,41.92535,-87.66581
TA1307000005,Indiana Ave & 26th St,41.84569,-87.6225
TA1307000006,Southport Ave & Wellington Ave,41.93571,-87.6636
TA1307000038,Sedgwick St & North Ave,41.91138,-87.63868
TA1307000039,Clark St & Elm St,41.90294,-87.63137
TA1307000041,Lake Shore Dr & Wellington Ave,41.93669,-87.63683
TA1307000044,Clinton St & 18th St,41.85794,-87.64083
TA1307000048,Fort Dearborn Dr & 31st St,41.83855,-87.60821
TA1307000052,Sheffield Ave & Wellington Ave,41.93628,-87.65266
TA1307000061,State St & Pearson St,41.89745,-87.62873
TA1307000062,Sedgwick St & Huron St,41.89466,-87.63839
TA1307000064,Lincoln Ave & Diversey Pkwy,41.93222,-87.65864
TA1307000066,Damen Ave & Coulter St,41.8492,-87.67564
TA1307000070,Damen Ave & Thomas St (Augusta Blvd),41.90133,-87.67742
TA1307000107,Sheridan Rd & Montrose Ave,41.96164,-87.65464
TA1307000111,Franklin St & Lake St,41.88582,-87.63548
TA1307000113,Southport Ave & Wrightwood Ave,41.92878,-87.66391
TA1307000115,Clybourn Ave & Division St,41.9046,-87.64056
TA1307000117,Wabash Ave & Grand Ave,41.89144,-87.62675
TA1307000119,Clarendon Ave & Leland Ave,41.96796,-87.65
TA1307000120,Green St & Madison St,41.88188,-87.64879
TA1307000121,Halsted St & Polk St,41.87184,-87.64664
TA1307000124,Michigan Ave & 14th St,41.86411,-87.62372
TA1307000126,Sheffield Ave & Waveland Ave,41.94936,-87.65451
TA1307000127,Clark St & Grace St,41.9508,-87.65918
TA1307000128,Dearborn Pkwy & Delaware Pl,41.89896,-87.6299
TA1307000129,State St & 35th St,41.83104,-87.62683
TA1307000130,Morgan St & Polk St,41.87178,-87.65103
TA1307000131,Wabash Ave & Wacker Pl,41.88688,-87.62606
TA1307000134,Wilton Ave & Belmont Ave,41.94016,-87.65303
TA1307000136,Clark St & Wellington Ave,41.9365,-87.64755
TA1307000138,Lincoln Ave & Roscoe St,41.94334,-87.67094
TA1307000139,MLK Jr Dr & 29th St,41.84205,-87.61698
TA1307000140,Western Ave & Leland Ave,41.96643,-87.68865
TA1307000142,Clark St & Drummond Pl,41.93125,-87.64432
TA1307000143,Sedgwick St & Schiller St,41.90762,-87.63854
TA1307000144,Wolcott (Ravenswood) Ave & Montrose Ave,41.96142,-87.6762
TA1307000149,Ravenswood Ave & Irving Park Rd,41.95467,-87.67392
TA1307000150,Pine Grove Ave & Waveland Ave,41.94945,-87.64646
TA1307000151,Wells St & Hubbard St,41.88993,-87.63427
TA1307000153,Emerald Ave & 28th St,41.84358,-87.64538
TA1307000156,Lincoln Ave & Sunnyside Ave,41.96301,-87.68479
TA1307000158,Damen Ave & Leland Ave,41.9671,-87.67904
TA1307000159,Paulina St & 18th St,41.8579,-87.6687
TA1307000160,Prairie Ave & Garfield Blvd,41.79485,-87.61873
TA1307000161,Halsted St & 37th St,41.82707,-87.64572
TA1307000163,Clifton Ave & Armitage Ave,41.91821,-87.65696
TA1307000164,Woodlawn Ave & 55th St,41.79527,-87.59647
TA1307000166,Halsted St & Willow St,41.91386,-87.64877
TA1308000001,Theater on the Lake,41.92627,-87.63086
TA1308000002,Greenwood Ave & 47th St,41.80983,-87.59937
TA1308000005,Leavitt St & North Ave,41.91042,-87.68238
TA1308000006,Damen Ave & Grand Ave,41.89128,-87.67686
TA1308000007,MLK Jr Dr & 47th St,41.80984,-87.61628
TA1308000009,Shore Dr & 55th St,41.79522,-87.58075
TA1308000012,Montrose Harbor,41.96398,-87.63818
TA1308000013,Halsted St & Archer Ave,41.84719,-87.64681
TA1308000014,Normal Ave & Archer Ave,41.84953,-87.64059
TA1308000019,Racine Ave & Belmont Ave,41.93973,-87.65886
TA1308000021,Winthrop Ave & Lawrence Ave,41.96883,-87.65765
TA1308000022,Pine Grove Ave & Irving Park Rd,41.95438,-87.64805
TA1308000023,Cottage Grove Ave & 43rd St,41.81649,-87.60659
TA1308000026,Wentworth Ave & 24th St (Temp),41.85008,-87.63214
TA1308000029,Stetson Ave & South Water St,41.88673,-87.62225
TA1308000031,Logan Blvd & Elston Ave,41.92946,-87.68417
TA1308000035,Lake Park Ave & 47th St,41.80944,-87.59188
TA1308000036,Indiana Ave & 31st St,41.83883,-87.62186
TA1308000038,Cottage Grove Ave & Oakwood Blvd,41.82298,-87.6071
TA1308000043,Halsted St & 35th St,41.83066,-87.64715
TA1308000045,Wallace St & 35th St,41.83062,-87.64129
TA1308000046,Morgan St & 31st St,41.83779,-87.65115
TA1308000047,Southport Ave & Clark St,41.95709,-87.6642
TA1308000049,Wells St & Evergreen Ave,41.90672,-87.6349
TA1308000050,Wells St & Concord Ln,41.91211,-87.6347
TA1309000001,Halsted St & Maxwell St,41.86488,-87.64708
TA1309000002,Michigan Ave & Jackson Blvd,41.87784,-87.62408
TA1309000003,Western Ave & 24th St,41.84847,-87.68512
TA1309000004,LaSalle St & Jackson Blvd,41.87811,-87.63184
TA1309000006,Larrabee St & Armitage Ave,41.91809,-87.64375
TA1309000007,Franklin St & Monroe St,41.88022,-87.63526
TA1309000008,Franklin St & Adams St (Temp),41.87933,-87.6355
TA1309000010,Wabash Ave & 9th St,41.87074,-87.62574
TA1309000011,Ellis Ave & 58th St,41.78873,-87.60131
TA1309000012,Damen Ave & Sunnyside Ave,41.96325,-87.67928
TA1309000014,Clark St & Leland Ave,41.96709,-87.66744
TA1309000015,Leavitt St & Lawrence Ave,41.96889,-87.68401
TA1309000018,Ravenswood Ave & Berteau Ave,41.95791,-87.67357
TA1309000019,Lakeview Ave & Fullerton Pkwy,41.92586,-87.63897
TA1309000021,Paulina St & Montrose Ave,41.9615,-87.6714
TA1309000023,Sheffield Ave & Wrightwood Ave,41.9287,-87.65383
TA1309000024,Clark St & Schiller St,41.908,-87.63152
TA1309000025,Halsted St & Roscoe St,41.94368,-87.64894
TA1309000026,Lincoln Ave & Belle Plaine Ave,41.95601,-87.6802
TA1309000027,Sheridan Rd & Buena Ave,41.9585,-87.65499
TA1309000029,Leavitt St & Armitage Ave,41.9178,-87.68245
TA1309000030,Southport Ave & Clybourn Ave,41.92077,-87.66372
TA1309000032,Elston Ave & Wabansia Ave,41.91293,-87.66417
TA1309000033,Sheffield Ave & Webster Ave,41.92158,-87.65381
TA1309000035,Clark St & Winnemac Ave,41.97335,-87.66785
TA1309000036,Burling St & Diversey Pkwy,41.93313,-87.64776
TA1309000037,Kimbark Ave & 53rd St,41.79957,-87.59474
TA1309000039,Lake Shore Dr & Diversey Pkwy,41.93258,-87.63642
TA1309000041,Sheridan Rd & Lawrence Ave,41.96951,-87.65471
TA1309000042,Lincoln Ave & Belmont Ave,41.93937,-87.66836
TA1309000043,Southport Ave & Irving Park Rd,41.95417,-87.66434
TA1309000049,Lake Shore Dr & Belmont Ave,41.94077,-87.63919
TA1309000050,Lincoln Ave & Addison St,41.94618,-87.67331
TA1309000051,Commercial Ave & 83rd St,41.74462,-87.55121
TA1309000053,Cottage Grove Ave & 47th St,41.80985,-87.60675
TA1309000055,Emerald Ave & 31st St,41.8382,-87.64514
TA1309000058,Lincoln Ave & Fullerton Ave,41.92591,-87.64927
TA1309000059,Racine Ave & Wrightwood Ave,41.92889,-87.65898
TA1309000061,Halsted St & Wrightwood Ave,41.92915,-87.64909
TA1309000063,Lake Park Ave & 56th St,41.79325,-87.5878
TA1309000064,Wolcott Ave & Polk St,41.87127,-87.67369
TA1309000066,Ravenswood Ave & Lawrence Ave,41.9691,-87.67423
TA1309000067,Cottage Grove Ave & 51st St,41.80303,-87.60661
WL-008,Clinton St & Roosevelt Rd,41.86712,-87.64108
WL-011,Jefferson St & Monroe St,41.88034,-87.64273
WL-012,Clinton St & Washington Blvd,41.88337,-87.6412